Construct,Indicator,Model,RMSE,MAE,R2,Q2
AIGR,AIGR1,RidgeRegression,0.7532665532881774,0.61518107731459,0.3537993069006692,0.3537993069006692
AIGR,AIGR2,RidgeRegression,0.7389537394454055,0.6000926539494672,0.3708441279412742,0.3708441279412742
AIGR,AIGR3,RidgeRegression,0.7708086317857854,0.628145675630583,0.3776959957022558,0.3776959957022558
AIGR,AIGR4,RidgeRegression,0.748546969186244,0.6174127674996106,0.3554512019393622,0.3554512019393622
